target_censoring,realised_censoring_mean,window_len_days_mean,true_median_mean,true_rmst120_mean,km_median_identified_frac,pct_soldonly_median_mean,pct_soldonly_median_ci,pct_censoratend_median_mean,pct_censoratend_median_ci,pct_km_median_mean,pct_km_median_ci,pct_km_rmst120_mean,pct_km_rmst120_ci,pct_km_rmst365_mean,pct_km_rmst365_ci
0.0,0.02739618572660951,4717.0,108.65864709137604,87.32777618227865,1.0,-2.0760045124042,0.05112121485921921,-2.1628883758957915,0.061949951007093926,0.0007879042442693929,0.010297113614461137,0.0019026594540847517,0.002797088474036342,-0.0015862483729857898,0.0072948334693130334
0.1,0.09995360024474477,1413.815,108.59000409344257,87.30201136588572,1.0,-7.557126015380933,0.15414956525200194,-8.331036437990193,0.15702904262043904,-0.007331590496616618,0.038428823852790416,-0.0008753764886327996,0.010222267361569866,-0.004885788942051189,0.030211775325312523
0.3,0.30007920333528865,453.795,108.22848641118166,87.18451535091998,1.0,-24.232569993847992,0.3995740539099485,-23.727590820508794,0.45926230401240675,0.06457493263323615,0.1141669165041877,0.013955488977893645,0.031242328118028507,0.04927679504730628,0.10191085718898703
0.5,0.4997128892906744,233.63,108.18823741665189,87.16827543843654,1.0,-43.98064791546347,0.5312144563531533,-35.78649796332591,0.4979845450825563,-0.1388174107542157,0.24702664652940456,0.0034994991557996302,0.05847331282152185,7.473314313606078,0.6774258771709143
0.7,0.6990433929492338,137.95,107.8708470006064,87.09354367705836,0.975,-62.114117669984815,0.6129597002840476,-55.52995392066832,0.6023940300133277,-0.036996953607360605,0.6335288233354333,-0.03781333268533563,0.14365051833507125,37.101028974864626,1.6965497676600583
